[
  { "id": "ca-los-angeles", "name": "Los Angeles", "state": "CA", "population": 10014009 },
  { "id": "il-cook", "name": "Cook", "state": "IL", "population": 5275541 },
  { "id": "tx-harris", "name": "Harris", "state": "TX", "population": 4731145 },
  { "id": "az-maricopa", "name": "Maricopa", "state": "AZ", "population": 4485414 },
  { "id": "ca-san-diego", "name": "San Diego", "state": "CA", "population": 3298634 },
  { "id": "ca-orange", "name": "Orange", "state": "CA", "population": 3186989 },
  { "id": "fl-miami-dade", "name": "Miami-Dade", "state": "FL", "population": 2716940 },
  { "id": "tx-dallas", "name": "Dallas", "state": "TX", "population": 2613539 },
  { "id": "ny-kings", "name": "Kings", "state": "NY", "population": 2736074 },
  { "id": "ca-riverside", "name": "Riverside", "state": "CA", "population": 2470546 },
  { "id": "ny-queens", "name": "Queens", "state": "NY", "population": 2405464 },
  { "id": "ca-san-bernardino", "name": "San Bernardino", "state": "CA", "population": 2181654 },
  { "id": "wa-king", "name": "King", "state": "WA", "population": 2269675 },
  { "id": "ca-santa-clara", "name": "Santa Clara", "state": "CA", "population": 1936259 },
  { "id": "fl-broward", "name": "Broward", "state": "FL", "population": 1944375 },
  { "id": "tx-tarrant", "name": "Tarrant", "state": "TX", "population": 2110640 },
  { "id": "tx-bexar", "name": "Bexar", "state": "TX", "population": 2009324 },
  { "id": "ca-alameda", "name": "Alameda", "state": "CA", "population": 1682353 },
  { "id": "ny-new-york", "name": "New York", "state": "NY", "population": 1694251 },
  { "id": "fl-palm-beach", "name": "Palm Beach", "state": "FL", "population": 1496770 },
  { "id": "pa-philadelphia", "name": "Philadelphia", "state": "PA", "population": 1603797 },
  { "id": "nv-clark", "name": "Clark", "state": "NV", "population": 2265461 },
  { "id": "oh-cuyahoga", "name": "Cuyahoga", "state": "OH", "population": 1264817 },
  { "id": "mi-wayne", "name": "Wayne", "state": "MI", "population": 1793561 },
  { "id": "ca-sacramento", "name": "Sacramento", "state": "CA", "population": 1585055 },
  { "id": "ny-suffolk", "name": "Suffolk", "state": "NY", "population": 1525920 },
  { "id": "ny-bronx", "name": "Bronx", "state": "NY", "population": 1472654 },
  { "id": "fl-hillsborough", "name": "Hillsborough", "state": "FL", "population": 1459762 },
  { "id": "mi-oakland", "name": "Oakland", "state": "MI", "population": 1274395 },
  { "id": "ca-contra-costa", "name": "Contra Costa", "state": "CA", "population": 1153526 },
  { "id": "tx-travis", "name": "Travis", "state": "TX", "population": 1290188 },
  { "id": "az-pima", "name": "Pima", "state": "AZ", "population": 1043433 },
  { "id": "wa-pierce", "name": "Pierce", "state": "WA", "population": 921130 },
  { "id": "or-multnomah", "name": "Multnomah", "state": "OR", "population": 815428 },
  { "id": "ny-nassau", "name": "Nassau", "state": "NY", "population": 1395774 },
  { "id": "fl-orange", "name": "Orange", "state": "FL", "population": 1429908 },
  { "id": "co-denver", "name": "Denver", "state": "CO", "population": 715522 },
  { "id": "oh-franklin", "name": "Franklin", "state": "OH", "population": 1326063 },
  { "id": "mn-hennepin", "name": "Hennepin", "state": "MN", "population": 1281565 },
  { "id": "nc-mecklenburg", "name": "Mecklenburg", "state": "NC", "population": 1115482 },
  { "id": "ca-fresno", "name": "Fresno", "state": "CA", "population": 1008654 },
  { "id": "tx-collin", "name": "Collin", "state": "TX", "population": 1064465 },
  { "id": "tx-el-paso", "name": "El Paso", "state": "TX", "population": 865657 },
  { "id": "fl-pinellas", "name": "Pinellas", "state": "FL", "population": 959107 },
  { "id": "wi-milwaukee", "name": "Milwaukee", "state": "WI", "population": 939489 },
  { "id": "nc-wake", "name": "Wake", "state": "NC", "population": 1129410 },
  { "id": "mo-st-louis", "name": "St. Louis", "state": "MO", "population": 1004125 },
  { "id": "ca-san-mateo", "name": "San Mateo", "state": "CA", "population": 766573 },
  { "id": "fl-duval", "name": "Duval", "state": "FL", "population": 995567 },
  { "id": "tx-fort-bend", "name": "Fort Bend", "state": "TX", "population": 822779 },
  { "id": "ga-fulton", "name": "Fulton", "state": "GA", "population": 1066710 },
  { "id": "co-el-paso", "name": "El Paso", "state": "CO", "population": 730395 },
  { "id": "ca-ventura", "name": "Ventura", "state": "CA", "population": 846006 },
  { "id": "nm-bernalillo", "name": "Bernalillo", "state": "NM", "population": 676444 },
  { "id": "in-marion", "name": "Marion", "state": "IN", "population": 977203 },
  { "id": "ny-westchester", "name": "Westchester", "state": "NY", "population": 1004457 },
  { "id": "ca-kern", "name": "Kern", "state": "CA", "population": 909235 },
  { "id": "ut-salt-lake", "name": "Salt Lake", "state": "UT", "population": 1185238 },
  { "id": "md-montgomery", "name": "Montgomery", "state": "MD", "population": 1062061 },
  { "id": "ok-oklahoma", "name": "Oklahoma", "state": "OK", "population": 796292 },
  { "id": "sc-greenville", "name": "Greenville", "state": "SC", "population": 525534 },
  { "id": "ca-san-joaquin", "name": "San Joaquin", "state": "CA", "population": 779233 },
  { "id": "va-fairfax", "name": "Fairfax", "state": "VA", "population": 1150309 },
  { "id": "tn-shelby", "name": "Shelby", "state": "TN", "population": 929744 },
  { "id": "hi-honolulu", "name": "Honolulu", "state": "HI", "population": 1016508 },
  { "id": "tx-denton", "name": "Denton", "state": "TX", "population": 906422 },
  { "id": "ga-gwinnett", "name": "Gwinnett", "state": "GA", "population": 957062 },
  { "id": "ga-cobb", "name": "Cobb", "state": "GA", "population": 766149 },
  { "id": "ca-stanislaus", "name": "Stanislaus", "state": "CA", "population": 552878 },
  { "id": "mn-ramsey", "name": "Ramsey", "state": "MN", "population": 552352 },
  { "id": "tx-williamson", "name": "Williamson", "state": "TX", "population": 590551 },
  { "id": "wa-snohomish", "name": "Snohomish", "state": "WA", "population": 827957 },
  { "id": "fl-polk", "name": "Polk", "state": "FL", "population": 725046 },
  { "id": "pa-allegheny", "name": "Allegheny", "state": "PA", "population": 1250578 },
  { "id": "ky-jefferson", "name": "Jefferson", "state": "KY", "population": 782969 },
  { "id": "ca-sonoma", "name": "Sonoma", "state": "CA", "population": 488863 },
  { "id": "oh-hamilton", "name": "Hamilton", "state": "OH", "population": 830639 },
  { "id": "ny-erie", "name": "Erie", "state": "NY", "population": 954236 },
  { "id": "ga-dekalb", "name": "DeKalb", "state": "GA", "population": 764382 },
  { "id": "ca-tulare", "name": "Tulare", "state": "CA", "population": 473117 },
  { "id": "fl-lee", "name": "Lee", "state": "FL", "population": 760822 },
  { "id": "md-baltimore", "name": "Baltimore", "state": "MD", "population": 854535 },
  { "id": "ca-marin", "name": "Marin", "state": "CA", "population": 262321 },
  { "id": "ma-middlesex", "name": "Middlesex", "state": "MA", "population": 1632002 },
  { "id": "fl-brevard", "name": "Brevard", "state": "FL", "population": 606612 },
  { "id": "ca-placer", "name": "Placer", "state": "CA", "population": 404739 },
  { "id": "az-pinal", "name": "Pinal", "state": "AZ", "population": 462667 },
  { "id": "tx-montgomery", "name": "Montgomery", "state": "TX", "population": 620443 },
  { "id": "nc-guilford", "name": "Guilford", "state": "NC", "population": 541299 },
  { "id": "fl-sarasota", "name": "Sarasota", "state": "FL", "population": 434006 },
  { "id": "va-prince-william", "name": "Prince William", "state": "VA", "population": 482204 },
  { "id": "ut-utah", "name": "Utah", "state": "UT", "population": 659399 },
  { "id": "ri-providence", "name": "Providence", "state": "RI", "population": 660741 },
  { "id": "tx-nueces", "name": "Nueces", "state": "TX", "population": 353178 },
  { "id": "ca-solano", "name": "Solano", "state": "CA", "population": 453491 },
  { "id": "fl-volusia", "name": "Volusia", "state": "FL", "population": 553543 },
  { "id": "tx-brazoria", "name": "Brazoria", "state": "TX", "population": 372031 }
]
