[
  { "id": "ny-new-york", "name": "New York", "state": "NY", "population": 8336817 },
  { "id": "ca-los-angeles", "name": "Los Angeles", "state": "CA", "population": 3979576 },
  { "id": "il-chicago", "name": "Chicago", "state": "IL", "population": 2746388 },
  { "id": "tx-houston", "name": "Houston", "state": "TX", "population": 2320268 },
  { "id": "az-phoenix", "name": "Phoenix", "state": "AZ", "population": 1680992 },
  { "id": "pa-philadelphia", "name": "Philadelphia", "state": "PA", "population": 1584064 },
  { "id": "tx-san-antonio", "name": "San Antonio", "state": "TX", "population": 1547253 },
  { "id": "ca-san-diego", "name": "San Diego", "state": "CA", "population": 1423851 },
  { "id": "tx-dallas", "name": "Dallas", "state": "TX", "population": 1343573 },
  { "id": "ca-san-jose", "name": "San Jose", "state": "CA", "population": 1021795 },
  { "id": "tx-austin", "name": "Austin", "state": "TX", "population": 961855 },
  { "id": "fl-jacksonville", "name": "Jacksonville", "state": "FL", "population": 949611 },
  { "id": "tx-fort-worth", "name": "Fort Worth", "state": "TX", "population": 918915 },
  { "id": "oh-columbus", "name": "Columbus", "state": "OH", "population": 905748 },
  { "id": "ca-san-francisco", "name": "San Francisco", "state": "CA", "population": 873965 },
  { "id": "nc-charlotte", "name": "Charlotte", "state": "NC", "population": 874579 },
  { "id": "in-indianapolis", "name": "Indianapolis", "state": "IN", "population": 876384 },
  { "id": "wa-seattle", "name": "Seattle", "state": "WA", "population": 749256 },
  { "id": "co-denver", "name": "Denver", "state": "CO", "population": 715522 },
  { "id": "dc-washington", "name": "Washington", "state": "DC", "population": 689545 },
  { "id": "ma-boston", "name": "Boston", "state": "MA", "population": 675647 },
  { "id": "tx-el-paso", "name": "El Paso", "state": "TX", "population": 678815 },
  { "id": "mi-detroit", "name": "Detroit", "state": "MI", "population": 639111 },
  { "id": "tn-nashville", "name": "Nashville", "state": "TN", "population": 689447 },
  { "id": "tn-memphis", "name": "Memphis", "state": "TN", "population": 651073 },
  { "id": "or-portland", "name": "Portland", "state": "OR", "population": 652503 },
  { "id": "ok-oklahoma-city", "name": "Oklahoma City", "state": "OK", "population": 681054 },
  { "id": "nv-las-vegas", "name": "Las Vegas", "state": "NV", "population": 641903 },
  { "id": "ky-louisville", "name": "Louisville", "state": "KY", "population": 617638 },
  { "id": "wi-milwaukee", "name": "Milwaukee", "state": "WI", "population": 577222 },
  { "id": "nm-albuquerque", "name": "Albuquerque", "state": "NM", "population": 564559 },
  { "id": "az-tucson", "name": "Tucson", "state": "AZ", "population": 548073 },
  { "id": "ca-fresno", "name": "Fresno", "state": "CA", "population": 542107 },
  { "id": "ca-sacramento", "name": "Sacramento", "state": "CA", "population": 524943 },
  { "id": "mo-kansas-city", "name": "Kansas City", "state": "MO", "population": 508090 },
  { "id": "ga-atlanta", "name": "Atlanta", "state": "GA", "population": 498715 },
  { "id": "ca-long-beach", "name": "Long Beach", "state": "CA", "population": 466742 },
  { "id": "co-colorado-springs", "name": "Colorado Springs", "state": "CO", "population": 478961 },
  { "id": "nc-raleigh", "name": "Raleigh", "state": "NC", "population": 474069 },
  { "id": "fl-miami", "name": "Miami", "state": "FL", "population": 442241 },
  { "id": "va-virginia-beach", "name": "Virginia Beach", "state": "VA", "population": 459470 },
  { "id": "ne-omaha", "name": "Omaha", "state": "NE", "population": 486051 },
  { "id": "ca-oakland", "name": "Oakland", "state": "CA", "population": 440646 },
  { "id": "mn-minneapolis", "name": "Minneapolis", "state": "MN", "population": 429954 },
  { "id": "ok-tulsa", "name": "Tulsa", "state": "OK", "population": 413066 },
  { "id": "tx-arlington", "name": "Arlington", "state": "TX", "population": 398121 },
  { "id": "fl-tampa", "name": "Tampa", "state": "FL", "population": 399700 },
  { "id": "la-new-orleans", "name": "New Orleans", "state": "LA", "population": 383997 },
  { "id": "oh-cleveland", "name": "Cleveland", "state": "OH", "population": 372624 },
  { "id": "hi-honolulu", "name": "Honolulu", "state": "HI", "population": 345064 },
  { "id": "ca-bakersfield", "name": "Bakersfield", "state": "CA", "population": 403455 },
  { "id": "co-aurora", "name": "Aurora", "state": "CO", "population": 386261 },
  { "id": "ca-anaheim", "name": "Anaheim", "state": "CA", "population": 346824 },
  { "id": "fl-orlando", "name": "Orlando", "state": "FL", "population": 307573 },
  { "id": "ca-santa-ana", "name": "Santa Ana", "state": "CA", "population": 310227 },
  { "id": "ca-riverside", "name": "Riverside", "state": "CA", "population": 331360 },
  { "id": "tx-corpus-christi", "name": "Corpus Christi", "state": "TX", "population": 326586 },
  { "id": "ky-lexington", "name": "Lexington", "state": "KY", "population": 323780 },
  { "id": "fl-st-petersburg", "name": "St. Petersburg", "state": "FL", "population": 265351 },
  { "id": "pa-pittsburgh", "name": "Pittsburgh", "state": "PA", "population": 302971 },
  { "id": "ca-stockton", "name": "Stockton", "state": "CA", "population": 320804 },
  { "id": "oh-cincinnati", "name": "Cincinnati", "state": "OH", "population": 309317 },
  { "id": "ak-anchorage", "name": "Anchorage", "state": "AK", "population": 291247 },
  { "id": "nc-greensboro", "name": "Greensboro", "state": "NC", "population": 299035 },
  { "id": "ca-irvine", "name": "Irvine", "state": "CA", "population": 307670 },
  { "id": "nv-henderson", "name": "Henderson", "state": "NV", "population": 320189 },
  { "id": "oh-toledo", "name": "Toledo", "state": "OH", "population": 270871 },
  { "id": "nc-durham", "name": "Durham", "state": "NC", "population": 283506 },
  { "id": "ca-chula-vista", "name": "Chula Vista", "state": "CA", "population": 275487 },
  { "id": "tx-plano", "name": "Plano", "state": "TX", "population": 285494 },
  { "id": "nj-newark", "name": "Newark", "state": "NJ", "population": 311549 },
  { "id": "ny-buffalo", "name": "Buffalo", "state": "NY", "population": 278349 },
  { "id": "fl-fort-wayne", "name": "Fort Wayne", "state": "IN", "population": 270402 },
  { "id": "fl-chandler", "name": "Chandler", "state": "AZ", "population": 275987 },
  { "id": "mo-st-louis", "name": "St. Louis", "state": "MO", "population": 301578 },
  { "id": "nj-jersey-city", "name": "Jersey City", "state": "NJ", "population": 292449 },
  { "id": "az-gilbert", "name": "Gilbert", "state": "AZ", "population": 267918 },
  { "id": "nc-winston-salem", "name": "Winston-Salem", "state": "NC", "population": 247945 },
  { "id": "tx-laredo", "name": "Laredo", "state": "TX", "population": 255205 },
  { "id": "tx-irving", "name": "Irving", "state": "TX", "population": 256684 },
  { "id": "ca-fremont", "name": "Fremont", "state": "CA", "population": 230504 },
  { "id": "az-scottsdale", "name": "Scottsdale", "state": "AZ", "population": 241361 },
  { "id": "fl-hialeah", "name": "Hialeah", "state": "FL", "population": 223109 },
  { "id": "va-norfolk", "name": "Norfolk", "state": "VA", "population": 238005 },
  { "id": "id-boise", "name": "Boise", "state": "ID", "population": 235684 },
  { "id": "tx-garland", "name": "Garland", "state": "TX", "population": 239928 },
  { "id": "ca-modesto", "name": "Modesto", "state": "CA", "population": 218464 },
  { "id": "va-richmond", "name": "Richmond", "state": "VA", "population": 226610 },
  { "id": "ca-glendale", "name": "Glendale", "state": "CA", "population": 196543 },
  { "id": "fl-port-st-lucie", "name": "Port St. Lucie", "state": "FL", "population": 204851 },
  { "id": "ut-salt-lake-city", "name": "Salt Lake City", "state": "UT", "population": 200133 },
  { "id": "ca-santa-clarita", "name": "Santa Clarita", "state": "CA", "population": 228673 },
  { "id": "tx-lubbock", "name": "Lubbock", "state": "TX", "population": 258862 },
  { "id": "la-baton-rouge", "name": "Baton Rouge", "state": "LA", "population": 227470 },
  { "id": "mi-grand-rapids", "name": "Grand Rapids", "state": "MI", "population": 198917 },
  { "id": "tx-mckinney", "name": "McKinney", "state": "TX", "population": 199177 },
  { "id": "ut-west-valley-city", "name": "West Valley City", "state": "UT", "population": 140230 },
  { "id": "ca-huntington-beach", "name": "Huntington Beach", "state": "CA", "population": 198711 }
]
